[26/03/2015 - 19:23:25] - AdmCmd: O admin asas_urubu aprovou Dreee_Reizer a mudar o nick para: Leonardo_Sl
[26/03/2015 - 19:24:55] - AdmCmd: O admin Johny_Staff aprovou Lactea_FasT a mudar o nick para: Lactea_Volt
[26/03/2015 - 19:25:59] - AdmCmd: O admin asas_urubu aprovou xArky_FasT a mudar o nick para: xArky_Volt
[27/03/2015 - 14:36:57] - AdmCmd: O admin asas_urubu aprovou Caio_Bezzera a mudar o nick para: ExperT_x1
[27/03/2015 - 17:56:05] - AdmCmd: O admin asas_urubu aprovou Lactea_ShiFt a mudar o nick para: PERNA_LORA
[27/03/2015 - 18:14:53] - AdmCmd: O admin asas_urubu aprovou Lactea_Volt a mudar o nick para: Lactea_ShiFt
[27/03/2015 - 18:18:29] - AdmCmd: O admin asas_urubu aprovou Killer_Volt a mudar o nick para: Killer_ShiFt
[27/03/2015 - 20:03:58] - AdmCmd: O admin Aleister_Crowley aprovou Luiz_Myguel a mudar o nick para: Luiz_Volt
[27/03/2015 - 20:59:01] - AdmCmd: O admin Johny_Staff aprovou Don_Casanova a mudar o nick para: Don_ShiFt
[27/03/2015 - 21:05:45] - AdmCmd: O admin asas_urubu aprovou Luiz_Volt a mudar o nick para: Mr_Myguel
[27/03/2015 - 21:39:19] - AdmCmd: O admin asas_urubu aprovou asas_urubu a mudar o nick para: Saymon_Felipe
[27/03/2015 - 21:41:05] - AdmCmd: O admin Saymon_Felipe aprovou Kratoslife_Shift a mudar o nick para: Kratoslife_ShiFt
[27/03/2015 - 21:43:33] - AdmCmd: O admin Johny_Staff aprovou Kratoslife_Shift a mudar o nick para: KratoslifeE_ShiFt
[27/03/2015 - 22:38:11] - AdmCmd: O admin Johny_Staff aprovou Saymon_Felipe a mudar o nick para: asas_urubu
[28/03/2015 - 00:30:37] - AdmCmd: O admin asas_urubu aprovou asas_urubu a mudar o nick para: Saymon_Felipe
[28/03/2015 - 13:38:07] - AdmCmd: O admin Johny_Staff aprovou Jhonatan_Killeer a mudar o nick para: Cpt_JhonatanPM
[28/03/2015 - 14:11:55] - AdmCmd: O admin Johny_Staff aprovou Matheus_Motta a mudar o nick para: SD_MottaEB
[28/03/2015 - 14:13:23] - AdmCmd: O admin Saymon_Felipe aprovou Bruno_CFAV a mudar o nick para: SD_BrunoEB
[28/03/2015 - 15:00:39] - AdmCmd: O admin Johny_Staff aprovou Souza_GT a mudar o nick para: CB_SouzaPM
[28/03/2015 - 15:10:47] - AdmCmd: O admin Johny_Staff aprovou CB_SouzaPM a mudar o nick para: Souza_GT
[28/03/2015 - 15:48:57] - AdmCmd: O admin Saymon_Felipe aprovou Undead_In a mudar o nick para: Baby_Face
[28/03/2015 - 16:06:00] - AdmCmd: O admin Saymon_Felipe aprovou TroniC_ImPacT a mudar o nick para: TroniC_ShiFt
[28/03/2015 - 16:25:17] - AdmCmd: O admin Johny_Staff aprovou Hyan_Cruz a mudar o nick para: ScuBy_ShiFt
[28/03/2015 - 17:04:51] - AdmCmd: O admin Saymon_Felipe aprovou DragoN_LorD a mudar o nick para: Dragon_Hunter
[28/03/2015 - 17:05:16] - AdmCmd: O admin Johny_Staff aprovou Felix_Monsty a mudar o nick para: Felix_Hunter
[28/03/2015 - 17:08:11] - AdmCmd: O admin Saymon_Felipe aprovou yProxX_ShiFt a mudar o nick para: iFTD_ZiNN
[28/03/2015 - 17:14:04] - AdmCmd: O admin Johny_Staff aprovou Neymar_Ousado a mudar o nick para: Neymar_Hunter
[28/03/2015 - 17:34:43] - AdmCmd: O admin Saymon_Felipe aprovou Pactw_ a mudar o nick para: Tazer_Pactw
[28/03/2015 - 18:25:12] - AdmCmd: O admin Johny_Staff aprovou HarD_x1 a mudar o nick para: Cpt_HardPM
[28/03/2015 - 18:41:57] - AdmCmd: O admin Johny_Staff aprovou Cpt_HardPM a mudar o nick para: HarD_x1
[28/03/2015 - 18:44:16] - AdmCmd: O admin Johny_Staff aprovou pH_Master a mudar o nick para: pH_ShiFt
[28/03/2015 - 19:23:05] - AdmCmd: O admin Johny_Staff aprovou Souza_GT a mudar o nick para: CB_SouzaPM
[28/03/2015 - 20:30:23] - AdmCmd: O admin Saymon_Felipe aprovou CB_SouzaPM a mudar o nick para: Souza_GT
[28/03/2015 - 21:06:50] - AdmCmd: O admin Johny_Staff aprovou Iohas_Figueira a mudar o nick para: TEN_IohasPM
[28/03/2015 - 21:08:48] - AdmCmd: O admin Johny_Staff aprovou Felix_Hunter a mudar o nick para: TEN_FelixPM
[28/03/2015 - 21:21:58] - AdmCmd: O admin Johny_Staff aprovou TEN_IohasPM a mudar o nick para: Iohas_Figueira
[28/03/2015 - 21:31:07] - AdmCmd: O admin Saymon_Felipe aprovou Baby_Face a mudar o nick para: Baby_ShiFt
[28/03/2015 - 21:44:13] - AdmCmd: O admin Saymon_Felipe aprovou Baby_ShiFt a mudar o nick para: Baby_Face
[28/03/2015 - 21:52:49] - AdmCmd: O admin Saymon_Felipe aprovou Pykest_XxX a mudar o nick para: Deagle_Vilhena
[28/03/2015 - 22:08:41] - AdmCmd: O admin Saymon_Felipe aprovou Cmd_PhantonPM a mudar o nick para: CmdGrl_PhantonPM
[28/03/2015 - 22:27:22] - AdmCmd: O admin Saymon_Felipe aprovou Orthus_Bedr a mudar o nick para: Whanky_Starkey
[28/03/2015 - 23:24:05] - AdmCmd: O admin Saymon_Felipe aprovou Scarlet_Winchester a mudar o nick para: Money_Blood
[29/03/2015 - 09:30:46] - AdmCmd: O admin Saymon_Felipe aprovou SD_DanielBOPE a mudar o nick para: CB_DanielBOPE
[29/03/2015 - 12:08:20] - AdmCmd: O admin Saymon_Felipe aprovou TroniC_ShiFt a mudar o nick para: TroniC_AbsoluT
[29/03/2015 - 13:21:11] - AdmCmd: O admin Saymon_Felipe aprovou Marechal_VinnyEB a mudar o nick para: Vinny_Owna
[29/03/2015 - 13:21:52] - AdmCmd: O admin Saymon_Felipe aprovou Expert_OwnZ a mudar o nick para: Daniel_Owna
[29/03/2015 - 13:27:10] - AdmCmd: O admin Saymon_Felipe aprovou HarD_x1 a mudar o nick para: HarD_Owna
[29/03/2015 - 13:36:59] - AdmCmd: O admin Saymon_Felipe aprovou Azeredo_Volt a mudar o nick para: Lucas_Azeredo
[29/03/2015 - 13:58:48] - AdmCmd: O admin Aleister_Crowley aprovou Recruta_ErickEB a mudar o nick para: Erick_Owna
[29/03/2015 - 14:22:10] - AdmCmd: O admin Saymon_Felipe aprovou Emerson_Pereira a mudar o nick para: Emerson_Blood
[29/03/2015 - 15:05:17] - AdmCmd: O admin Saymon_Felipe aprovou DreZerT_ShiFt a mudar o nick para: Buzi_ShiFt
[29/03/2015 - 15:24:00] - AdmCmd: O admin Saymon_Felipe aprovou Japa_Jaupao a mudar o nick para: DoMiniC_ShifT
[29/03/2015 - 15:49:11] - AdmCmd: O admin Johny_Staff aprovou DoMiniC_ShifT a mudar o nick para: DoMiNiC_ShiFt
[29/03/2015 - 16:20:21] - AdmCmd: O admin Saymon_Felipe aprovou xArky_Volt a mudar o nick para: iArky_ShiFt
[29/03/2015 - 16:44:49] - AdmCmd: O admin Johny_Staff aprovou iKis_ImPacT a mudar o nick para: iKis_ShiFt
[29/03/2015 - 17:58:51] - AdmCmd: O admin Johny_Staff aprovou Leonardo_Sl a mudar o nick para: Leo_Swift
[29/03/2015 - 18:24:06] - AdmCmd: O admin Johny_Staff aprovou DoMiNiC_ShiFt a mudar o nick para: ThE_DoMiNiC
[29/03/2015 - 19:45:17] - AdmCmd: O admin Saymon_Felipe aprovou ObEY_Headshot a mudar o nick para: OBeY_Starkey
[29/03/2015 - 20:35:45] - AdmCmd: O admin Saymon_Felipe aprovou Boaventura_CFAV a mudar o nick para: SD_BoaventuraEB
[29/03/2015 - 21:15:32] - AdmCmd: O admin Saymon_Felipe aprovou BILL_GATES a mudar o nick para: DoMiNic_ShiFt
[30/03/2015 - 17:49:55] - AdmCmd: O admin Johny_Staff aprovou HarD_Owna a mudar o nick para: HarD_FasT
[30/03/2015 - 17:58:11] - AdmCmd: O admin Johny_Staff aprovou CmdGrl_PhantonPM a mudar o nick para: iPhanton_Scott
[30/03/2015 - 19:22:56] - AdmCmd: O admin Johny_Staff aprovou Cpt_KiRiToPM a mudar o nick para: KiRiTo_Scottt
[30/03/2015 - 23:25:16] - AdmCmd: O admin Aleister_Crowley aprovou Cap_AndradeBOPE a mudar o nick para: Cel_NascimentoBOPE
